企业名称,企业描述,企业经济性质,法人代表或负责人,企业类型,公司注册地,注册资金,成立时间, 员工数量,月产量,年营业额,年出口额,管理体系认证,主要营业地点,主要客户, 厂房面积,是否提供OEM,开户银行,银行帐号,主要市场,主营产品或服务,企业网站链接
浙江欢朋软件技术有限公司,浙江欢朋软件技术有限公司 ，是一家以技术研发为核心的软件公司，主要从事于APP，各类金融软件系统开发、大数据分析、技术培训等。我们专注于互联网金融系统的研发与服务的高新技术企业，协助企业客户确定战略方向和整体解决方案，公司技术研发团队100余人，并提供业界一流的系统架构来确保合作伙伴业务安全稳定。    欢朋公司是专业的软件系统服务商，我们的核心管理团队在金融行业和互联网行业均拥有丰富的经验，对金融行业的深刻理解和对金融基础设施研发的专注，形成公司独特的竞争力，自成立以来我们已经为数百家的客户提供了专业的软件系统及金融解决方案，根据合作商需求与建议进行定制开发，提供聚合支付、商家收款系统、智能还款、商户贷，款、信用卡分销系统、银行积分兑换分销系统、银行卡收单系统、各类APP开发等产品系统技术服务。我们始终秉持“因为专业所以成功”的信念，坚持“交易只是开始，服务永无止境”的宗旨，以专业的技术实力，业务精炼的客户服务团队为每位签约客户提供完全符合其业务经营模式的软件支持服务，保障客户在信息时代的高速路上驰骋，并以客户口碑作为企业持续经营的基础，成长为行业内标杆级金融软件及解决方案的提供商。我们始终坚信“共创价值，共享成就”是企业合作的共赢之道。,外资企业,,生产加工,浙江省杭州市萧山区宁围街道时代博地大厦1201室,人民币 100 万元以下,,5 人以下,,人民币 50 万元以下,人民币 50 万元以下,,,,,否,,,,浙江欢朋软件技术有限公司 ，是一家以技术研发为核心的软件公司，主要从事于APP，各类金融软件系统开发、大数据分析、技术培训等。我们专注于互联网金融系统的研发与服务的高新技术企业，协助企业客户确定战略方向和整体解决方案，公司技术研发团队100余人，并提供业界一流的系统架构来确保合作伙伴业务安全稳定。,http://yl7788.b2b168.com//home.aspx
山东创荣信息技术有限公司,展,私营企业,,生产加工,山东济南,人民币 250 - 500 万元,,11 - 50 人,,人民币 50 万元以下,人民币 50 万元以下,,,,,否,,,,"神州通大数据营销笔记本 是一款营销拓客引流系统  包括全网数据采集 例如业主信息 车主信息 以及同行业老板电话信息等等    营销类包括抖音 火山APP自动点赞引流系统  腾讯营销系统 论坛自动发帖 百度自动优化等等   是一款百种功能营销系统 
 现面向全国诚招合作伙伴",http://shenzhoutong12.b2b168.com//home.aspx
山东慧特电气技术有限公司,山东慧特电气技术有限公司成立于2018年，是一家致力于提供执法记录仪、4G单兵、4G布控球、4G指挥箱、无线测温系统、激光清障仪、智能驱鸟装置、云视频管理平台、可视化指挥调度平台、物联网大数据平台等软硬件产品，以及视频与行业市场深度融合的个性化定制服务的高新技术企业。公司运营总部驻地在济南，济南设有生产工厂；在深圳设有技术研发中心、小批量定制工厂；在浙江乐清设有批量大规模工厂。公司始终坚持“诚信 求索 创新 共享”核心价值观，组建了一支以海归学者、博士、硕士为骨干的管理技术团队，与英国曼彻斯特大学、美国纽约州立大学、华中科技大学、华北电力大学、山东大学等国内外知名高校开展了广泛的交流，并与艾默生电气、浪潮集团、国家电网公司、山东地矿集团等知名企业进行了深入的合作。慧特电气坚持专业化、行业化的发展思路，以客户需求为中心，以科技创新为根本，针对电力安全生产、物联网技术进行了研究和开发，逐步形成了具有独立知识产权的系列产品，并成为环保、电力等细分领域的技术优秀者和市场领跑者。产品和方案为国内外重大事件提供了安全保障。立足现在，展望未来，在物联网和信息化高速发展的浪潮中，我们继续发扬“吃苦、创新、贡献”的企业精神，遵循企业愿景与核心价值，为我国的移动互联安防和电力安全生产的进步贡献力量。,外资企业,,生产加工,山东济南,人民币 100 万元以下,,5 人以下,,人民币 50 万元以下,人民币 50 万元以下,,,,,否,,,,山东慧特电气技术有限公司成立于2018年，是一家致力于提供执法记录仪、4G单兵、4G布控球、4G指挥箱、无线测温系统、激光清障仪、智能驱鸟装置、云视频管理平台、可视化指挥调度平台、物联网大数据平台等软硬件产品，以及视频与行业市场深度融合的个性化定制服务的高新技术企业。,http://huite123.b2b168.com//home.aspx
安徽据说牛信息科技有限公司,,,,,,,,,,,,,,,,否,,,,海量的数据库存，精准的定向技术和高效的优化能力是据说牛营销系统独到的优势，从金融到房产；从教育到医美；从软件互联网到零售电商等，这些行业近年来都能看到数据营销的影子，而据说牛营销系统能够帮助企业广告主们灵活适应复杂项目，全方位满足广告主手中的触达偏好，达成综合性营销模式，让推广触角延伸更广、更深，实现企业的精准获客。,http://jushuoniudashuju.b2b168.com//home.aspx
安徽娱谷科技有限公司,安徽娱谷科技有限公司，是一家以互联网平台运营、企业智能建站、微信公众号应用开发服务、大数据分析、聚合支付系统开发及搭建运营、营销推广、技术培训等技术为核心的网络科技公司。 我公司主要以技术研发创新为主导，把握互联网行业的需求，利用互联网核心技术为客户提供稳定、可靠、功能优异的软硬一体解决方案。公司已推出多个行业的解决方案，跟多家企事业单位合作， 致力成为互联网创业者可以依赖的创业服务平台，为创业者提供好的产品和服务。我司主要产品有：娱谷API聚合网络支付系统、聚合网络支付系统、个人免签支付系统、第四方网络支付系统等；公司在激烈的市场竞争中迅速发展壮大，赢得了广泛的支持与用户的信赖。公司秉承“顾客至上，锐意进取”的经营理念，坚持“客户第一”的原则为广大客户提供优质的服务。本公司在今后的岁月中坚持“以质量求生存，以信誉求发展“的宗旨。将以更高的企业服务回馈朋友们的支持和厚爱，并竭诚欢迎您的惠顾。24小时技术售后维护。运营无忧，让您不再操心支付的事！,外资企业,,生产加工,安徽省合肥市,人民币 1000 - 5000 万元,,5 人以下,,人民币 50 万元以下,人民币 50 万元以下,,,,,否,,,,"安徽娱谷科技有限公司，是一家以互联网平台运营、企业智能建站、微信公众号应用开发服务、大数据分析、聚合支付系统开发及搭建运营、营销推广、技术培训等技术为核心的网络科技公司。 
我公司主要以技术研发创新为主导，把握互联网行业的需求，利用互联网核心技术为客户提供稳定、可靠、功能优异的软硬一体解决方案。",http://qq3037446029.b2b168.com/home.aspx
天津市星企物联科技有限公司,物联网智能家居系统 专业的物联网设备和解决方案提供商天津市星企物联科技有限公司是优秀的物联网设备和解决方案提供商。我们基于客户需求持续创新，在物联网传感器、控制器、移动物联网、云计算和大数据等几大领域都进行了长期探索和不懈积累。凭借在物体感知、学习、控制等领域的综合优势，公司已经成为物联网智能家居产业的主要推动者之一。源自每个家庭的品质生活当互联网的神经末梢由计算机延伸至普通物体时，世界进入了一个全新的物联网时代，物联网通过感知、识别、控制等技术，将整个物理世界联接成网，通过整合工业技术、互联网技术、大数据和云计算技术形成前所未有的社会进化推动力。,私营企业,,经销批发,天津市、西青区花苑,人民币 250 - 500 万元,2004,5 - 10 人,20万,人民币 50 万元以下,人民币 50 万元以下,,,,,否,,,,"智能门锁、智能灯光控制、智能家电控制、智能安防、智能影音、电动窗帘、背景音乐、视频监控
天津市星企物联科技有限公司是优秀的物联网设备和解决方案提供商。我们基于客户需求持续创新，在物联网传感器、控制器、移动物联网、云计算和大数据等几大领域都进行了长期探索和不懈积累。凭借在物体感知、学习、控制等领域的综合优势，公司已经成为物联网智能家居产业的主要推动者之一。",http://15022564077.b2b168.com//home.aspx
江苏典匠影视传媒有限公司,公司自创建之日始，一直努力构建一个为创作者服务的支持体系，支持有激情、有才华的人创作出优秀的作品以成就事业，支持影视文化行业健康快速发展，支持社会正气弘扬。通过不断的创新与实践，江苏典匠影视传媒有限公司已建成完善的影视全产业链服务体系，旗下拥有两家实体生产零售批发公司、影院广告、数据调研、电影发行、植入广告、行业媒体、音乐节、现场演出、游戏娱乐、孵化器以及一百多家家影视传媒公司合作等相互协同的创作系统。为创作者服务，用作品点亮人心。,外资企业,,其他,南京,人民币 100 万元以下,,11 - 50 人,,人民币 50 万元以下,人民币 50 万元以下,,,,,否,,,,"各大院线电影制作发布，电影资源项目投资、影院广告、数据调研、电影发行、植入广告、行业媒体、音乐节、现场演出、游戏娱乐、孵化器以及一百多家家影视传媒公司合作等相互协同的创作系统。
为创作者服务，用作品点亮人心。",http://dianjiang0403.b2b168.com//home.aspx
义乌市微点网络科技有限公司,         义乌微点网络科技有限公司发展6年，不断深耕新零售市场，协助超过1000家企业开拓新零售渠道，成功为500多家线上线下商城运营推广，帮助50余家创业型企业开拓发展线上新零售规划。         自2012年创立以来，已逐步建立起4大主营项目。             软件系统开发及全程技术支持；           高明的运营策划及品牌形象提升；         专业贴心的课程培训及市场指导；          完美的客服售后及预约咨询。         用我们的新零售解决方案帮客户把生意，用我们的策划设计帮客户把品牌推向全国，用我们的系统帮助客户增加一个新的销售渠道！,股份有限公司,,商业服务,金华市义乌市,人民币 100 - 250 万元,2012,11 - 50 人,,人民币 50 万元以下,人民币 50 万元以下,,,各大行业有梦想有野心的有志人士1,,否,,,,我们专业为企业团队提供一站式新零售营销解决方案，结合线上线下O2O的模式整合客源，把产品品牌化，打造专属的平台，掌握大数据平台，精准分析市场人流的需求点，快速裂变拓客，让各行业的商机源源不断！,http://18969356882.b2b168.com//home.aspx
海南混沌广告有限公司,,,,,,,,,,,,,,,,否,,,,朋友圈广告推广，微信朋友圈广告推广，海南朋友圈广告???推广 微信朋友圈广告推广海南地区服务商 电话：13215731979 联系人：黄经理介绍：朋友圈广告是以客户微信好友的身份在朋友圈的第5条展现，以大数据为后台，可选投放客户类型，筛选精准客户。特点：1、海量用户，庞大的用户覆盖，深度的用户分析，助力企业触达海量优质人群2、效果精准，依托腾讯大数据精准定向目标人群，深度解析用户画像,http://1216197944.b2b168.com//home.aspx
